{"mean": {"temperature": 269.6526335877862, "temperature_min": 267.9793893129771, "temperature_max": 271.21450381679387, "pressure": 1018.8921755725191, "humidity": 77.1087786259542, "wind_velocity_x": 4.871930815582569, "wind_velocity_y": 18.318310189972806, "day_x": 0.004450288606990132, "day_y": -0.0057997290290919485, "year_x": -0.3292304768264569, "year_y": 0.9380333547423824}, "std": {"temperature": 3.8129216165075697, "temperature_min": 4.1324457465459385, "temperature_max": 3.782772605772579, "pressure": 10.52083591614607, "humidity": 11.708766764928265, "wind_velocity_x": 2.8226986438007073, "wind_velocity_y": 13.896515629993813, "day_x": 0.7083531041537573, "day_y": 0.7071735159180716, "year_x": 0.10205802111383794, "year_y": 0.036155928372088655}}